회차,elbow_Torque,팔꿈치_부상위험,shoulder_Torque,어깨_부상위험
1,104.9,0,32.45,1
2,99.6,0,23.53,0
3,104.1,0,33.02,0
4,102.4,0,31.41,1
5,94.0,0,24.57,0
6,85.80000000000001,0,29.39,0
7,111.8,1,27.45,0
8,85.80000000000001,0,24.92,0
9,96.5,0,33.82,0
10,102.3,0,29.42,0
11,109.9,0,26.49,0
12,108.4,0,30.53,0
13,113.7,1,29.99,0
14,85.80000000000001,0,30.79,1
15,108.4,1,31.94,0
16,86.7,0,31.41,0
17,97.7,0,33.36,0
18,119.1,2,33.48,0
19,118.4,1,34.71,0
20,107.6,1,26.13,0
