회차,elbow_Torque,팔꿈치_부상위험,shoulder_Torque,어깨_부상위험
1,104.9,0,25.96,1
2,99.6,0,43.69,0
3,104.1,0,35.98,0
4,102.4,0,18.8,1
5,94.0,0,32.14,0
6,85.80000000000001,0,31.909999999999997,0
7,111.8,1,38.2,0
8,85.80000000000001,0,31.31,0
9,96.5,0,31.269999999999996,0
10,102.3,0,47.5,0
11,109.9,0,36.8,0
12,108.4,0,39.3,0
13,113.7,1,35.97,0
14,85.80000000000001,0,23.88,1
15,108.4,1,19.7,0
16,86.7,0,25.6,0
17,97.7,0,27.3,0
18,119.1,2,32.6,0
19,118.4,1,30.5,0
20,107.6,1,37.620000000000005,0
