회차,elbow_Torque,팔꿈치_부상위험,shoulder_Torque,어깨_부상위험
1,93.8,0,29.41,0
2,109.0,1,27.95,0
3,96.2,0,19.17,1
4,109.8,1,36.89,0
5,100.1,0,28.37,0
6,105.8,1,20.84,1
7,94.9,0,24.1,1
8,93.7,0,36.66,0
9,100.8,0,26.73,0
10,106.6,1,28.96,0
11,98.8,0,28.020000000000003,0
12,107.9,1,31.76,0
13,110.9,1,37.85,0
14,115.5,1,28.14,0
15,99.1,0,29.23,0
16,97.5,0,34.04,0
17,118.6,1,24.770000000000003,0
18,101.1,0,24.02,1
19,100.95,0,25.35,1
20,120.9,2,27.43,0
